地名,crop_year,actual_yield,predicted_yield_raw,predicted_yield_final,filled_month_count
七星区,2026,,90.71596946581224,5.125452274818391,1
万秀区,2026,,90.61991024389705,5.120024928780183,0
三江侗族自治县,2026,,95.23283699432176,5.380655290179179,0
上思县,2026,,84.0747281494143,4.750222140441908,0
上林县,2026,,88.34444145811555,4.9914609423835286,0
东兰县,2026,,87.58100218212752,4.948326623290205,0
东兴市,2026,,87.45683791340602,4.94131134210744,0
临桂区,2026,,101.0447511338497,5.709028439062508,0
乐业县,2026,,85.2003886178659,4.813821956909424,0
全州县,2026,,92.2950097134978,5.2146680488126265,0
八步区,2026,,94.79780857514984,5.356076184495966,0
兴业县,2026,,85.23247796288545,4.8156350049030285,0
兴宁区,2026,,88.62106093498659,5.007089942826743,0
兴安县,2026,,95.39081190551927,5.389580872661839,0
兴宾区,2026,,80.76811739074043,4.563398632576835,0
凌云县,2026,,89.31849945657653,5.046495219296574,0
凤山县,2026,,89.95466062734336,5.0824383254449,0
凭祥市,2026,,85.41131248783286,4.825739155562557,0
北流市,2026,,87.22375959323216,4.928142417017617,0
南丹县,2026,,90.8875263252466,5.135145237376433,0
博白县,2026,,84.38033594278758,4.7674889807674985,0
叠彩区,2026,,99.59457576732098,5.627093530853635,0
右江区,2026,,84.89800614412928,4.796737347143305,0
合山市,2026,,86.35532476799162,4.879075849391526,1
合浦县,2026,,82.87320902695406,4.6823363100229045,0
城中区,2026,,93.63947066462528,5.2906300925513285,1
大化瑶族自治县,2026,,86.81574083075009,4.90508935693738,0
大新县,2026,,82.04333360903146,4.635448348910278,0
天峨县,2026,,87.85879776923986,4.964022073962052,0
天等县,2026,,83.81514784121123,4.735555853028434,0
宁明县,2026,,83.07012699298078,4.693462175103414,0
宜州区,2026,,88.98495873800611,5.027650168697345,1
容县,2026,,87.90073047054607,4.966391271585853,0
宾阳县,2026,,86.57684708991438,4.891591860580163,0
富川瑶族自治县,2026,,94.68891993000112,5.349923976045064,0
岑溪市,2026,,85.98169161258055,4.857965576110801,0
巴马瑶族自治县,2026,,88.35462400084381,4.992036256047675,0
平乐县,2026,,93.93096987554324,5.307099797968193,0
平南县,2026,,89.42656357371544,5.052600841914923,0
平果市,2026,,85.74391937519428,4.844531444698477,0
平桂区,2026,,94.39950058920925,5.333571783290323,0
德保县,2026,,85.01407953533392,4.803295493746367,0
忻城县,2026,,88.75975219437458,5.014925998982164,1
恭城瑶族自治县,2026,,97.84073550165147,5.528001555843308,0
扶绥县,2026,,78.587009915062,4.440166060201003,0
昭平县,2026,,92.39633089738385,5.220392695702188,0
柳北区,2026,,97.03978841437242,5.482748045412042,0
柳南区,2026,,92.09840866685391,5.2035600896772465,0
柳城县,2026,,89.29042927780661,5.044909254196074,0
柳江区,2026,,90.95594685563215,5.139010997343217,0
桂平市,2026,,85.65671888188535,4.839604616826523,0
横州市,2026,,85.72401454655434,4.84340682188032,0
武宣县,2026,,87.22022470580708,4.927942695878101,0
武鸣区,2026,,83.8036465821595,4.734906031892012,0
永福县,2026,,99.45938709137096,5.619455370662459,0
江南区,2026,,83.58191646652843,4.722378280358856,0
江州区,2026,,78.82776751555026,4.45376886462859,0
浦北县,2026,,84.78017284047183,4.7900797654866585,0
海城区,2026,,83.09561055759126,4.694901996503906,0
港北区,2026,,85.6705166896632,4.840384192965971,0
港南区,2026,,85.16748825357297,4.811963086326873,0
港口区,2026,,87.66572919038501,4.953113699256753,0
灌阳县,2026,,96.84273239354633,5.471614380235367,0
灵山县,2026,,85.36850544726904,4.8233205577707015,0
灵川县,2026,,99.41816660546242,5.617126413208627,0
玉州区,2026,,84.98582582134772,4.801699158906146,0
环江毛南族自治县,2026,,97.75144557270362,5.522956674857754,1
田东县,2026,,84.7722738953134,4.789633475085208,0
田林县,2026,,82.17109129867524,4.642666658375151,0
田阳区,2026,,86.1251305409123,4.866069875561545,0
福绵区,2026,,84.68947811782787,4.784955513657275,0
秀峰区,2026,,99.51863115611059,5.622802660320248,0
罗城仫佬族自治县,2026,,94.73454829437486,5.35250197863218,0
良庆区,2026,,87.0964241143163,4.920947962458872,0
苍梧县,2026,,91.55021286980342,5.172587027143893,0
荔浦市,2026,,93.13002305165142,5.261846302418306,0
蒙山县,2026,,93.78592602473938,5.298904820397775,0
藤县,2026,,88.70898192907146,5.012057478992538,0
融安县,2026,,98.29530650477477,5.553684817519775,0
融水苗族自治县,2026,,98.30176888039917,5.554049941742553,0
西乡塘区,2026,,81.67023399354002,4.614368220635011,1
西林县,2026,,82.1560397753666,4.6418162473082125,0
覃塘区,2026,,85.31125352276214,4.820085824036061,0
象山区,2026,,98.23104350545151,5.550053958058011,0
象州县,2026,,87.6946303324177,4.954746613781601,0
资源县,2026,,96.44246911059346,5.448999504748531,0
邕宁区,2026,,88.73641891055615,5.013607668446423,0
那坡县,2026,,82.73999827855577,4.674809902738401,0
都安瑶族自治县,2026,,88.99383459897983,5.02815165484236,1
金城江区,2026,,90.00939060487272,5.085530569175309,0
金秀瑶族自治县,2026,,91.04715968171554,5.144164522016928,0
钟山县,2026,,94.8438436305671,5.358677165127041,0
钦北区,2026,,88.49147591410737,4.999768389147066,0
钦南区,2026,,86.45816405015738,4.884886268833892,0
铁山港区,2026,,81.46284354511087,4.602650660298765,0
银海区,2026,,82.12124110762427,4.639850122580771,0
长洲区,2026,,90.62411290916035,5.12026237936756,0
防城区,2026,,87.60522483303932,4.949695203066722,0
阳朔县,2026,,96.12930682304341,5.431305835501953,0
陆川县,2026,,85.6686103718454,4.840276486009265,0
隆安县,2026,,84.22306273748111,4.758603044667683,1
隆林各族自治县,2026,,83.43453216090928,4.714051067091375,0
雁山区,2026,,96.88963754479371,5.474264521280845,0
青秀区,2026,,88.95513723131712,5.025965253569417,0
靖西市,2026,,84.53631581295754,4.776301843432101,0
马山县,2026,,86.2067493211379,4.870681336644292,1
鱼峰区,2026,,89.9673506242257,5.083155310268753,0
鹿寨县,2026,,91.48434518250698,5.168865502811645,0
龙圩区,2026,,88.18097880253738,4.9822253023433625,0
龙州县,2026,,83.17870061225759,4.699596584592554,0
龙胜各族自治县,2026,,100.85566313510067,5.698344967133188,0
