feature,fill_value,effective_raw_coef
NDVI_mean_Apr_to_Jun,0.4947927436365701,10.098828836894903
NDVI_std_Apr_to_Jun,0.08855375902432078,-53.686772573287705
NDVI_min_Apr_to_Jun,0.406138755970594,-36.70686805643936
NDVI_max_Apr_to_Jun,0.579924913548373,30.15008385363889
NDVI_trend_Apr_to_Jun,0.03199002611209356,-6.034968805104313
temperature_2m_mean_Apr_to_Jun,297.15048102477715,0.2794224571680716
temperature_2m_std_Apr_to_Jun,2.598332430370002,-7.354458972269207
temperature_2m_min_Apr_to_Jun,294.4268246288638,-1.600283608253112
temperature_2m_max_Apr_to_Jun,299.574713447898,1.6651929735293283
temperature_2m_trend_Apr_to_Jun,5.07134378545652,3.3279649894878
total_precipitation_sum_mean_Apr_to_Jun,0.23763383510151848,40.95376626496945
total_precipitation_sum_std_Apr_to_Jun,0.10050169584432034,-31.61155777446251
total_precipitation_sum_min_Apr_to_Jun,0.14719278319755566,-22.501699580497174
total_precipitation_sum_max_Apr_to_Jun,0.3177200265758526,-6.351437180010752
total_precipitation_sum_trend_Apr_to_Jun,0.15573358208125437,-6.902039959365861
total_precipitation_sum_sum_Apr_to_Jun,0.7129015053045555,13.65125542171273
